﻿city;average_age
Chicago;34.8
Santa Cruz de Tenerife;43.0
Las Palmas;42.2
Ciudad Real;43.8
Madrid;42.2
Málaga;42.1
Frankfurt am Main;40.53
Sevilla;41.4
松山市;48.0
Girona;45.0
Badajoz;40.6
City of Westminster;37.2
Stuttgart;41.8
Arroyomolinos;33.1
Torrelavega;42.4
Cáceres;39.9
Cádiz;41.8
Jerez de la Frontera;41.7
Ourense;50.5
Donostialdea;47.4
Marbella;41.0
Tarragona;42.2
Barcelona;42.7
Majadahonda;40.7
Sabadell;44.9
Elx / Elche;41.9
Vigo;45.7
North Bethesda;39.5
Bilbao;46.6
Valencia;34.9
Poitiers;30.2
Greater Manchester;33.3
Huelva;41.8
Bergamo;45.0
London;40.1
Leioa;41.4
Sheffield;37.0
A Coruña;44.6
Santiago de Compostela;45.5
Alacant / Alicante;43.0
橿原市;44.6
Salamanca;48.45
Toledo;42.0
Lonato del Garda;40.3
Puteaux;34.0
Granada;38.9
Donostia - San Sebastián;47.4
Varese;43.1
Cartagena;41.2
Lugo;32.0
