﻿city;population;female_ratio
Salamanca;144526;1,21
London;8900000;1,03
Sabadell;215082;1,06
Madrid;6747068;1,09
Málaga;576557;1,08
Torrelavega;52707;1,1
Barcelona;1650472;1,11
Granada;113693;1
Valencia;797251;1,1
A Coruña;246657;1,16
Cádiz;115733;1,11
Sevilla;684340;1,11
Donostia - San Sebastián;187827;1,12
Bilbao;348513;1,12
Tarragona;135505;1,05
Girona;776786;0,98
Greater Manchester;2835700;1,01
Elx / Elche;235566;1,01
Santa Cruz de Tenerife;208253;1,09
Majadahonda;69450;1,1
Sheffield;584853;1,03
Badajoz;658630;1,01
Poitiers;90033;1,17
Las Palmas;380574;1,07
Lonato del Garda;16901;0,98
Ourense;105438;1,21
松山市;511192;1,13
橿原市';120922;1,11
Alacant / Alicante;338768;1,07
Puteaux;44009;1,09
Marbella;145509;1,08
Arroyomolinos;22219;0,97
València / Valencia;797251;1,1
North Bethesda;50094;1,05
Donostialdea;187892;1,12
Toledo;86433;1,07
Lugo;97514;1,17
Santiago de Compostela;97798;1,15
Bergamo;115730;1,08
Stuttgart;634830;1
Ciudad Real;75081;1,11
Leioa;32182;1,05
Frankfurt am Main;753056;1,03
Varese;78213;1,06
Huelva;143187;1,08
Jerez de la Frontera;212953;1,05
Chicago;2695598;1,05
City of Westminster;261317;1,06
Cartagena;215455;1,01
Cáceres;390544;1,01
Vigo;296028;1,12
