,COD_LOCALIZACION,LATITUD,LONGITUD,CITY,0,0
0,673.0,37.146313,-3.612747,Granada,Granada,Granada
1,662.0,51.516172,-0.132896,City of Westminster,City of Westminster,City of Westminster
2,33.0,40.42674444,-3.67555,Madrid,Madrid,Madrid
3,431.0,42.221493,-8.723741,Vigo,Vigo,Vigo
4,330.0,41.38553611,2.16952777,Barcelona,Barcelona,Barcelona
5,355.0,41.440426,2.19851,Barcelona,Barcelona,Barcelona
6,27.0,40.421419,-3.719795,Madrid,Madrid,Madrid
7,645.0,38.35528,-0.471008,Alacant / Alicante,Alacant / Alicante,Alacant / Alicante
8,362.0,40.4528923,-3.86846995,Majadahonda,Majadahonda,Majadahonda
9,510.0,40.43049722,-3.70300833,Madrid,Madrid,Madrid
10,75.0,45.43058,10.51353,Lonato del Garda,Lonato del Garda,Lonato del Garda
11,770.0,36.490686,-4.95157,Marbella,Marbella,Marbella
12,224.0,41.54619444,2.10917222,Sabadell,Sabadell,Sabadell
13,38.0,41.11709213,1.23941695,Tarragona,Tarragona,Tarragona
14,91.0,48.775707,9.175043,Stuttgart,Stuttgart,Stuttgart
16,293.0,43.26223611,-2.93206944,Donostialdea,Donostialdea,Donostialdea
17,425.0,43.27613,-2.02497,Marbella,Marbella,Marbella
18,836.0,36.51029444,-4.8945,Barcelona,Barcelona,Barcelona
19,328.0,41.606464,2.288545,Poitiers,Poitiers,Poitiers
20,176.0,46.578163,0.350931,Leioa,Leioa,Leioa
21,720.0,43.3427,-2.98976,Salamanca,Salamanca,Salamanca
22,872.0,40.966081,-5.662949,North Bethesda,North Bethesda,North Bethesda
23,844.0,39.023788,-77.145306,Frankfurt am Main,Frankfurt am Main,Frankfurt am Main
24,441.0,50.108834,8.652227,Sevilla,Sevilla,Sevilla
25,519.0,37.387905,-5.960383,Santa Cruz de Tenerife,Santa Cruz de Tenerife,Santa Cruz de Tenerife
26,500.0,28.396114,-16.547159,A Coruña,A Coruña,A Coruña
27,275.0,43.35518,-8.40298,Badajoz,Badajoz,Badajoz
28,103.0,38.877865,-6.973336,Ourense,Ourense,Ourense
29,556.0,42.345066,-7.865315,Torrelavega,Torrelavega,Torrelavega
30,766.0,43.350273,-4.048859,Bergamo,Bergamo,Bergamo
31,595.0,45.693068,9.666347,Arroyomolinos,Arroyomolinos,Arroyomolinos
32,516.0,40.300686,-3.928122,Donostia - San Sebastián,Donostia - San Sebastián,Donostia - San Sebastián
33,451.0,43.308167,-1.946146,Ciudad Real,Ciudad Real,Ciudad Real
34,623.0,38.98495,-3.92761,Cádiz,Cádiz,Cádiz
35,267.0,36.174057,-5.363511,Madrid,Madrid,Madrid
36,661.0,40.41828055,-3.704875,London,London,London
37,654.0,51.51426944,-0.14707222,Puteaux,Puteaux,Puteaux
38,123.0,48.8925349,2.2367939,Cartagena,Cartagena,Cartagena
39,785.0,37.60036944,-0.98642222,Lugo,Lugo,Lugo
40,144.0,43.03773,-7.56888,Salamanca,Salamanca,Salamanca
41,396.0,40.95013,-5.648473,Toledo,Toledo,Toledo
42,326.0,39.961401,-4.829709,Alacant / Alicante,Alacant / Alicante,Alacant / Alicante
43,96.0,38.697702,-0.481076,Huelva,Huelva,Huelva
44,648.0,37.25751111,-6.95403055,Jerez de la Frontera,Jerez de la Frontera,Jerez de la Frontera
45,255.0,36.684759,-6.136336,松山市,松山市,松山市
46,612.0,33.836219,132.766256,Sheffield,Sheffield,Sheffield
47,765.0,53.41304,-1.4124612,橿原市,橿原市,橿原市
48,99.0,34.505522,135.763056,Málaga,Málaga,Málaga
49,430.0,36.719613,-4.42239,Sevilla,Sevilla,Sevilla
50,175.0,37.38465,-5.97247,Barcelona,Barcelona,Barcelona
51,701.0,41.39137222,2.16289444,Varese,Varese,Varese
52,475.0,45.817249,8.829016,Málaga,Málaga,Málaga
53,745.0,36.72278213,-4.31221961,Santiago de Compostela,Santiago de Compostela,Santiago de Compostela
54,839.0,42.87611111,-8.54474722,Barcelona,Barcelona,Barcelona
55,13.0,41.4104,2.21577,Cáceres,Cáceres,Cáceres
56,266.0,39.46859741,-6.3890171,Cádiz,Cádiz,Cádiz
57,874.0,36.61694,-6.210536,Las Palmas,Las Palmas,Las Palmas
58,72.0,27.84343528,-15.44079971,València,València,València
59,32.0,39.48078918,-0.39069443,Santa Cruz de Tenerife,Santa Cruz de Tenerife,Santa Cruz de Tenerife
60,747.0,28.466764,-16.24845,Girona,Girona,Girona
61,579.0,42.26747222,2.96251388,Málaga,Málaga,Málaga
62,370.0,36.53868055,-4.62481944,Málaga,Málaga,Málaga
63,557.0,36.755478,-4.100507,València,València,València
64,591.0,39.457272,-0.345734,Las Palmas,Las Palmas,Las Palmas
65,202.0,28.496284,-13.863689,València / Valencia,València / Valencia,València / Valencia
66,570.0,39.12704,-0.446126,Elx / Elche,Elx / Elche,Elx / Elche
67,542.0,38.266204,-0.696523,Chicago,Chicago,Chicago
68,561.0,41.88429,-87.62811,Greater Manchester,Greater Manchester,Greater Manchester
69,319.0,53.58116388,-2.42979166,Salamanca,Salamanca,Salamanca
70,870.0,40.96733,-5.661778,,,
15,,,,Bilbao,Bilbao,Bilbao
