﻿MERCADO;year;corruption_index
SPAIN;2018;58
SPAIN;2019;62
SPAIN;2020;62
SPAIN;2021;61
SPAIN;2022;60
ITALY;2018;52
ITALY;2019;53
ITALY;2020;53
ITALY;2021;56
ITALY;2022;56
FRANCE;2018;72
FRANCE;2019;69
FRANCE;2020;69
FRANCE;2021;71
FRANCE;2022;72
GERMANY;2018;80
GERMANY;2019;80
GERMANY;2020;80
GERMANY;2021;80
GERMANY;2022;79
JAPAN;2018;73
JAPAN;2019;73
JAPAN;2020;74
JAPAN;2021;73
JAPAN;2022;73
U.S.A.;2018;71
U.S.A.;2019;69
U.S.A.;2020;67
U.S.A.;2021;67
U.S.A.;2022;69
UNITED KINGDOM;2018;80
UNITED KINGDOM;2019;77
UNITED KINGDOM;2020;77
UNITED KINGDOM;2021;78
UNITED KINGDOM;2022;73
