﻿city;Density
Chicago;4593
Santa Cruz de Tenerife;445
Las Palmas;3800
Ciudad Real;260
Madrid;5400
Málaga;1400
Frankfurt am Main;3000
Sevilla;4900
松山市;1200
Girona;134
Badajoz;100
City of Westminster;9509
Stuttgart;3000
Arroyomolinos;11
Torrelavega;1452
Cáceres;55
Cádiz;9700
Jerez de la Frontera;180
Ourense;1237
Donostialdea;3086
Marbella;1200
Tarragona;2300
Barcelona;16000
Majadahonda;1900
Sabadell;5600
Elx / Elche;720
Vigo;2700
North Bethesda;2262
Bilbao;8300
Valencia;5865
Poitiers;2119
Greater Manchester;4716
Huelva;970
Bergamo;3000
London;5598
Leioa;3700
Sheffield;1500
A Coruña;6613
Santiago de Compostela;440
Alacant / Alicante;1700
橿原市;3177
Salamanca;3800
Toledo;1276
Lonato del Garda;240
Puteaux;14000
Granada;2600
Donostia - San Sebastián;3686
Varese;1500
Cartagena;380
Lugo;300
