﻿city;unemployment_rate
Chicago;5
Santa Cruz de Tenerife;15,91
Las Palmas;17,63
Ciudad Real;19,39
Madrid;11,5
Málaga;19,43
Frankfurt am Main;5,5
Sevilla;17,57
松山市;2,5
Girona;12,7
Badajoz;16,47
City of Westminster;4,6
Stuttgart;3,1
Arroyomolinos;12,34
Torrelavega;12,02
Cáceres;20,88
Cádiz;21,1
Jerez de la Frontera;26
Ourense;13
Donostialdea;7,1
Marbella;12,89
Tarragona;13,1
Barcelona;11,2
Majadahonda;11,5
Sabadell;13,23
Elx / Elche;0
Vigo;9,8
North Bethesda;5,7
Bilbao;8,3
Valencia;14,39
Poitiers;13,72
Greater Manchester;7,1
Huelva;17,26
Bergamo;6,48
London;3,7
Leioa;10,8
Sheffield;5,2
A Coruña;10,1
Santiago de Compostela;14,57
Alacant / Alicante;13,53
橿原市;2,72
Salamanca;4,01
Toledo;9,02
Lonato del Garda;12,37
Puteaux;8,3
Granada;22,55
Donostia - San Sebastián;7,1
Varese;8,7
Cartagena;12,87
Lugo;9,86
